,,Content,Content,Content,Content,Content,Content,Content,Content,StandardWeight,StandardWeight,StandardWeight,StandardWeight,StandardWeight,StandardWeight,StandardWeight,StandardWeight,QuantityCE,QuantityCE,QuantityCE,QuantityCE,QuantityCE,QuantityCE,QuantityCE,QuantityCE,SalesGoodsEUR,SalesGoodsEUR,SalesGoodsEUR,SalesGoodsEUR,SalesGoodsEUR,SalesGoodsEUR,SalesGoodsEUR,SalesGoodsEUR,RetailItemPrice,RetailItemPrice,RetailItemPrice,RetailItemPrice,RetailItemPrice,RetailItemPrice,RetailItemPrice,RetailItemPrice
,,count,mean,std,min,25%,50%,75%,max,count,mean,std,min,25%,50%,75%,max,count,mean,std,min,25%,50%,75%,max,count,mean,std,min,25%,50%,75%,max,count,mean,std,min,25%,50%,75%,max
Category,PeriodKey,,,,,,,,,,,,,,,,,,,,,,,,,,,,,,,,,,,,,,,,
Frisdranken en Houdbaar Sap,201801.0,5.0,4.0520000000000005,4.120233003120091,0.28,1.0,1.98,8.0,9.0,0.0,,,,,,,,5.0,0.005372760804291084,0.006807668373159052,0.000615836084198732,0.00145025798361784,0.00203795278022832,0.00571988031444943,0.0170398768589611,5.0,0.007484356341057842,0.00770865987009271,0.00126325882495358,0.00187282473937533,0.00569445749981972,0.00831598676614248,0.0202752538749981,5.0,2.4779999999999998,1.6711882000540814,0.75,1.44,1.77,3.68,4.75
Frisdranken en Houdbaar Sap,201802.0,5.0,4.0520000000000005,4.120233003120091,0.28,1.0,1.98,8.0,9.0,0.0,,,,,,,,5.0,0.008818209134009413,0.011230083073584484,0.00110812429544872,0.00237354375931419,0.00291399382515633,0.00969785211430922,0.0279975316758186,5.0,0.010240007153034972,0.010490205828841621,0.00149383989059719,0.00278660746918943,0.00770206868901305,0.0116670699074154,0.0275504498089598,5.0,2.4779999999999998,1.6711882000540814,0.75,1.44,1.77,3.68,4.75
Frisdranken en Houdbaar Sap,201803.0,5.0,4.0520000000000005,4.120233003120091,0.28,1.0,1.98,8.0,9.0,0.0,,,,,,,,5.0,0.007012403268502357,0.009063072575455761,0.000845913546902055,0.00197665058575234,0.00240327461446451,0.00720676779734258,0.0226294097980503,5.0,0.008521963134270272,0.008839900869776393,0.0013016198088244,0.00224824280420815,0.00665487328182057,0.00914513519643404,0.0232599445800642,5.0,2.4779999999999998,1.6711882000540814,0.75,1.44,1.77,3.68,4.75
Frisdranken en Houdbaar Sap,201804.0,5.0,4.0520000000000005,4.120233003120091,0.28,1.0,1.98,8.0,9.0,0.0,,,,,,,,5.0,0.0052890661177157315,0.006718375984204472,0.000649062781873207,0.00136615919430624,0.00224949907496208,0.00529894196731313,0.016881667570124,5.0,0.007325370675427692,0.0076148041522621935,0.00140944283449971,0.00199606621133029,0.00532937228895645,0.00774549506692041,0.0201464769754316,5.0,2.4779999999999998,1.6711882000540814,0.75,1.44,1.77,3.68,4.75
Frisdranken en Houdbaar Sap,201805.0,5.0,4.0520000000000005,4.120233003120091,0.28,1.0,1.98,8.0,9.0,0.0,,,,,,,,5.0,0.006699044040011738,0.008235621356674057,0.000926209792675488,0.0016988074643824,0.0030378903416865,0.0070097683049583,0.020822544296356,5.0,0.008135522176239831,0.008127398080411437,0.0016688614027528,0.00249595685041989,0.00580982388301308,0.00898568095819469,0.0217172877868187,5.0,2.4779999999999998,1.6711882000540814,0.75,1.44,1.77,3.68,4.75
Frisdranken en Houdbaar Sap,201806.0,5.0,4.0520000000000005,4.120233003120091,0.28,1.0,1.98,8.0,9.0,0.0,,,,,,,,5.0,0.006857887153007935,0.00821176582512018,0.00108106060495685,0.0011038862331837,0.00506243294971708,0.00606336103004775,0.0209786949471343,5.0,0.00779353705812697,0.008544451147657676,0.00287497234630838,0.00304438086369804,0.00347925145466924,0.00675576378761529,0.0228133168383439,5.0,2.226,1.295773900030403,0.75,1.44,1.77,3.49,3.68
Frisdranken en Houdbaar Sap,201807.0,5.0,4.0520000000000005,4.120233003120091,0.28,1.0,1.98,8.0,9.0,0.0,,,,,,,,5.0,0.006960950290169824,0.007787108463614987,0.00114091978005477,0.00119059779396127,0.00567892262342335,0.00665573750360723,0.0201385737498025,5.0,0.007981794346098987,0.008162852464476213,0.00291625875868745,0.00337397025129343,0.00384401877016437,0.00756813959588698,0.0222065843544627,5.0,2.23,1.2927683473847897,0.75,1.46,1.77,3.49,3.68
Frisdranken en Houdbaar Sap,201808.0,5.0,4.0520000000000005,4.120233003120091,0.28,1.0,1.98,8.0,9.0,0.0,,,,,,,,5.0,0.006065648890585669,0.006666577438603277,0.000895117365624415,0.00141540743726855,0.0046111204059454,0.00605830128270368,0.0173482979613863,5.0,0.0073572746728401235,0.0075460791246630445,0.00268892453827517,0.00326308127775427,0.00366861654553334,0.00657948639474394,0.0205862646078939,5.0,2.312,1.401131685460007,0.75,1.46,1.77,3.68,3.9
Frisdranken en Houdbaar Sap,201809.0,5.0,4.0520000000000005,4.120233003120091,0.28,1.0,1.98,8.0,9.0,0.0,,,,,,,,5.0,0.00674484821750213,0.008583074510394672,0.00101367476524516,0.00108125308292817,0.00447400389825791,0.00547756852148751,0.0216777408195919,5.0,0.007607881704541854,0.008977328515114855,0.00278458004337151,0.00284599265811775,0.00306645590461202,0.00583873028965909,0.0235036496269489,5.0,2.2279999999999998,1.2903371652401554,0.75,1.46,1.77,3.48,3.68
Frisdranken en Houdbaar Sap,201810.0,5.0,4.0520000000000005,4.120233003120091,0.28,1.0,1.98,8.0,9.0,0.0,,,,,,,,5.0,0.008757181067071476,0.010942543689527316,0.00117703589364153,0.00153252794822402,0.00572274171120948,0.00765243422759145,0.0277011655546909,5.0,0.00906448159081279,0.01062489909841223,0.00301021679706738,0.00359352460986632,0.00390963553963332,0.00693351598659594,0.027875515020901,5.0,2.2279999999999998,1.2903371652401554,0.75,1.46,1.77,3.48,3.68
Frisdranken en Houdbaar Sap,201811.0,5.0,4.0520000000000005,4.120233003120091,0.28,1.0,1.98,8.0,9.0,0.0,,,,,,,,5.0,0.0067460653226266735,0.008934533852043727,0.000912857533000797,0.00122792064537032,0.00407793478193573,0.00511186460265932,0.0223997490501672,5.0,0.007771954612583926,0.009583195951464589,0.00256078093058202,0.00292223989600836,0.00316781067814751,0.00541053487649353,0.0247984066816882,5.0,2.2279999999999998,1.2903371652401554,0.75,1.46,1.77,3.48,3.68
Frisdranken en Houdbaar Sap,201812.0,5.0,4.0520000000000005,4.120233003120091,0.28,1.0,1.98,8.0,9.0,0.0,,,,,,,,5.0,0.007683823942052019,0.009770107796848901,0.00116077879100606,0.00151462433594887,0.00466615352170833,0.00635445163096804,0.0247231114306288,5.0,0.008500508542143546,0.010029232555282933,0.00307593172884738,0.00343176599856759,0.00379333003886381,0.00586506646097354,0.0263364484834654,5.0,2.234,1.2859354571672716,0.75,1.49,1.77,3.48,3.68
Frisdranken en Houdbaar Sap,201901.0,5.0,4.0520000000000005,4.120233003120091,0.28,1.0,1.98,8.0,9.0,0.0,,,,,,,,5.0,0.006733669180082452,0.008377923706502222,0.000888024709989026,0.00137640038311706,0.00439462271083382,0.00573538076998036,0.021273917326492,5.0,0.007840747904183213,0.009136423400484666,0.00247735697784432,0.00325484797158488,0.00358253054082485,0.00586041070870462,0.0240285933219574,5.0,2.2960000000000003,1.3222064891687682,0.77,1.53,1.82,3.58,3.78
Frisdranken en Houdbaar Sap,201902.0,5.0,4.0520000000000005,4.120233003120091,0.28,1.0,1.98,8.0,9.0,0.0,,,,,,,,5.0,0.007420704200981907,0.00888884254972838,0.000977487447240689,0.00157447642508567,0.00516707080961709,0.00664478253774438,0.0227397037852217,5.0,0.008239925220727607,0.00926920490699462,0.00254614501507001,0.00362123804849106,0.00391092671530686,0.0065054181175265,0.0246158982072436,5.0,2.262,1.2772509541981167,0.77,1.53,1.82,3.51,3.68
Frisdranken en Houdbaar Sap,201903.0,5.0,4.0520000000000005,4.120233003120091,0.28,1.0,1.98,8.0,9.0,0.0,,,,,,,,5.0,0.006998463670195613,0.008216762989871805,0.00101305671024485,0.00140296991867439,0.00480215193817364,0.00670387586885759,0.0210702639150276,5.0,0.007694993925501698,0.008466020238878559,0.00263014130483157,0.00347293660057529,0.00361034611525972,0.00610031784992491,0.022661227756917,5.0,2.262,1.2772509541981167,0.77,1.53,1.82,3.51,3.68
Frisdranken en Houdbaar Sap,201904.0,5.0,4.0520000000000005,4.120233003120091,0.28,1.0,1.98,8.0,9.0,0.0,,,,,,,,5.0,0.006554746505020399,0.0076962302944416135,0.00100351981764182,0.00126096076712404,0.00405407009767134,0.0067940666109711,0.0196611152316937,5.0,0.007205384760501263,0.00787671309123996,0.00262718996420704,0.00314894949994199,0.00381645713609773,0.00524884816528586,0.0211854790369737,5.0,2.266,1.2714283306580831,0.79,1.53,1.82,3.51,3.68
Frisdranken en Houdbaar Sap,201905.0,5.0,4.0520000000000005,4.120233003120091,0.28,1.0,1.98,8.0,9.0,0.0,,,,,,,,5.0,0.006949288913859253,0.00787440260994931,0.00104153568731543,0.00139259063286557,0.00456807522315247,0.00751897186690729,0.0202252711590555,5.0,0.00738492482751069,0.007757919688882502,0.0026401932521237,0.00335227407561028,0.00409377371528606,0.00572795964159911,0.0211104234529343,5.0,2.266,1.2714283306580831,0.79,1.53,1.82,3.51,3.68
Frisdranken en Houdbaar Sap,201906.0,5.0,4.0520000000000005,4.120233003120091,0.28,1.0,1.98,8.0,9.0,0.0,,,,,,,,5.0,0.0043133571683646055,0.004980429772588972,0.000739786015680873,0.000880944310139018,0.00217532701941347,0.00512443459789797,0.0126462938986917,5.0,0.0052042272808754,0.005572058543490465,0.00215255432934615,0.00239750603354923,0.00313092714752553,0.00320155315806839,0.0151385957358877,5.0,2.2600000000000002,1.2641400238897589,0.79,1.53,1.82,3.48,3.68
Frisdranken en Houdbaar Sap,201907.0,5.0,4.0520000000000005,4.120233003120091,0.28,1.0,1.98,8.0,9.0,0.0,,,,,,,,5.0,0.006445701353641217,0.007530038251563782,0.00102786795728712,0.00118340060871873,0.00391592896666022,0.00688175630174912,0.0192195529337909,5.0,0.006435766086919072,0.006705278743455012,0.00254431110304075,0.00269716523341936,0.00365691799005564,0.00497584049215141,0.0183045956159282,5.0,2.2560000000000002,1.2373277657920718,0.79,1.53,1.89,3.39,3.68
Frisdranken en Houdbaar Sap,201908.0,5.0,4.0520000000000005,4.120233003120091,0.28,1.0,1.98,8.0,9.0,0.0,,,,,,,,5.0,0.006838715561928975,0.00818526043117833,0.00106981611070854,0.00129530725068027,0.00401133536359812,0.00697945750378774,0.0208376615808702,5.0,0.007012618587611712,0.007560040808453987,0.00269001847634186,0.0030007993665191,0.00376644403506044,0.00517911804036576,0.0204267130197714,5.0,2.2600000000000002,1.2344229421069588,0.79,1.55,1.89,3.39,3.68
Frisdranken en Houdbaar Sap,201909.0,5.0,4.0520000000000005,4.120233003120091,0.28,1.0,1.98,8.0,9.0,0.0,,,,,,,,5.0,0.005880138430015383,0.006681804354059999,0.000937735904549955,0.001298516681209,0.00381515867491495,0.00611807727375221,0.0172312036156508,5.0,0.006310279790980188,0.006597055119522744,0.00235294413194551,0.00300162951425963,0.00329584405091514,0.00491036390684376,0.0179906173509369,5.0,2.2600000000000002,1.2344229421069588,0.79,1.55,1.89,3.39,3.68
Frisdranken en Houdbaar Sap,201910.0,5.0,4.0520000000000005,4.120233003120091,0.28,1.0,1.98,8.0,9.0,0.0,,,,,,,,5.0,0.006249064336561388,0.007695958433628977,0.000852226295267225,0.0012697553746568,0.00394249086311776,0.00561741425889275,0.0195634348908724,5.0,0.0065390864342786455,0.007678771638005037,0.0020910127382957,0.00287009513245694,0.00296050013141516,0.00459567119832473,0.0201781529709007,5.0,2.2600000000000002,1.2344229421069588,0.79,1.55,1.89,3.39,3.68
Frisdranken en Houdbaar Sap,201911.0,5.0,4.0520000000000005,4.120233003120091,0.28,1.0,1.98,8.0,9.0,0.0,,,,,,,,5.0,0.005942231037653218,0.007252659523116393,0.000821217420722507,0.00134300423704536,0.00357406917324413,0.00549206201964919,0.0184808023376049,5.0,0.006707108989790049,0.007728990473216138,0.00212277735763568,0.00304620826394217,0.00319450798743279,0.0047416265267777,0.0204304248131619,5.0,2.2680000000000002,1.2287880207749424,0.79,1.59,1.89,3.39,3.68
Frisdranken en Houdbaar Sap,201912.0,5.0,4.0520000000000005,4.120233003120091,0.28,1.0,1.98,8.0,9.0,0.0,,,,,,,,5.0,0.006546671103918109,0.008029405520409642,0.000999416705009556,0.00143210047786713,0.00373060363009263,0.00613727772553253,0.0204339569810887,5.0,0.007239595587189717,0.00837448288166458,0.00252975785000029,0.00333589504870466,0.00333992351900471,0.00484724862773002,0.0221451528905089,5.0,2.2680000000000002,1.2287880207749424,0.79,1.59,1.89,3.39,3.68
Fruit en Verse Sappen,201801.0,27.0,298.55555555555554,243.07866459129474,1.0,77.0,250.0,500.0,1000.0,0.0,,,,,,,,27.0,0.037036738023084374,0.0502674573123792,7.33943338106411e-07,8.697228556560975e-05,0.00473246664411014,0.046762832815780905,0.142497300923374,27.0,0.037036509187270396,0.06270563396903217,3.11574669415278e-07,7.04587136980742e-05,0.00467802866737511,0.0342470480579758,0.250461769528157,27.0,2.9518518518518513,1.5245479457027382,1.69,2.1399999999999997,2.49,2.99,8.49
Fruit en Verse Sappen,201802.0,26.0,329.0769230769231,234.71901040638753,1.0,200.0,290.0,500.0,1000.0,0.0,,,,,,,,26.0,0.038461538461538346,0.0528300386571932,6.52344231613514e-07,5.5775431802955446e-05,0.010192552446845355,0.0547391829910374,0.16278337017991,26.0,0.03846153846153837,0.058912157153650675,7.23430713168566e-07,5.7480683775770446e-05,0.0078797234569365,0.04783870984274635,0.210157466956806,26.0,3.048076923076923,1.5393817440278268,1.69,2.19,2.74,3.265,8.49
Fruit en Verse Sappen,201803.0,26.0,309.88461538461536,240.51346356045465,1.0,160.0,250.0,500.0,1000.0,0.0,,,,,,,,26.0,0.03846153846153835,0.05211687607783928,1.36464744333301e-06,5.24252059480433e-05,0.00514949712741713,0.06665358879533467,0.153414575344459,26.0,0.03846153846153837,0.05990206120159209,3.31812709188884e-07,5.881334011167692e-05,0.003877498673084955,0.04755562764532348,0.215972053143367,26.0,3.0749999999999997,1.529081423600457,1.69,2.215,2.74,3.265,8.39
Fruit en Verse Sappen,201804.0,26.0,309.88461538461536,240.51346356045468,1.0,160.0,250.0,500.0,1000.0,0.0,,,,,,,,26.0,0.03846153846153832,0.051332884209022225,6.34536689863212e-07,6.170869308919743e-05,0.004445564049181665,0.06259783762586825,0.155960234854719,26.0,0.03846153846153835,0.06278544038622942,1.37040631052805e-07,5.4063668027497076e-05,0.003507029529838225,0.041356004862646796,0.229606943125085,26.0,3.0288461538461537,1.5404007969955795,1.69,2.19,2.49,3.14,8.39
Fruit en Verse Sappen,201805.0,27.0,298.55555555555554,243.07866459129474,1.0,77.0,250.0,500.0,1000.0,0.0,,,,,,,,27.0,0.03703655214101464,0.05464849539710406,5.23687704074552e-07,3.822920239744225e-05,0.00298816203944939,0.062437713893696595,0.181784570589174,27.0,0.03703619450032907,0.07046713906699403,2.25139724994188e-07,3.8963242166697204e-05,0.00222783817199203,0.041646150726807496,0.315451952317813,27.0,3.0496296296296297,1.505682777606434,1.69,2.24,2.49,3.09,8.39
Fruit en Verse Sappen,201806.0,28.0,305.75,241.55351757292183,1.0,113.5,250.0,500.0,1000.0,0.0,,,,,,,,28.0,0.035713625487229145,0.05709702822534998,5.1350993282263e-07,5.417529791278747e-05,0.004606440852385405,0.048843652657773275,0.209561863055117,28.0,0.0357130665018909,0.056261033780189144,5.79496233176499e-07,5.818268205545913e-05,0.003662821283297025,0.04248063152800565,0.164451039608353,28.0,3.0332142857142856,1.4379487797281563,1.69,2.19,2.74,3.215,7.99
Fruit en Verse Sappen,201807.0,27.0,317.037037037037,238.51193027433843,1.0,170.0,250.0,500.0,1000.0,0.0,,,,,,,,27.0,0.037036128247633526,0.05004754894401564,7.01066111235355e-07,6.27454169555643e-05,0.0127292573817003,0.052405392880954,0.176410667702375,27.0,0.03703529542048921,0.05350086569163823,8.05042709775534e-07,6.357818080887135e-05,0.00786230843325533,0.051203023981124,0.18751567291688,27.0,2.997777777777778,1.2397032316502619,1.69,2.24,2.99,3.24,6.99
Fruit en Verse Sappen,201808.0,28.0,305.75,241.55351757292183,1.0,113.5,250.0,500.0,1000.0,0.0,,,,,,,,28.0,0.035713687121577055,0.05142610256149403,8.38029791959104e-07,7.793677065219667e-05,0.012922000377113356,0.0493279001068488,0.177079885189918,28.0,0.03571318159816093,0.05582185348576139,1.85863251329076e-07,7.347019230507915e-05,0.010148004680799148,0.0381097764242844,0.206878233125735,28.0,2.918928571428571,1.2563714338897474,1.69,2.165,2.49,3.04,6.99
Fruit en Verse Sappen,201809.0,28.0,305.75,241.55351757292183,1.0,113.5,250.0,500.0,1000.0,0.0,,,,,,,,28.0,0.035713489428417726,0.0516524486274197,6.37028694320507e-07,6.242881204340963e-05,0.007126121489016345,0.0589872645223431,0.160621052014666,28.0,0.0357127927300226,0.05846359020937435,1.4506730909826e-07,5.8428273895374246e-05,0.007421153759665721,0.04818887303809768,0.217730895595894,28.0,2.9185714285714286,1.2601755147765439,1.69,2.19,2.49,3.04,6.99
Fruit en Verse Sappen,201810.0,26.0,329.1730769230769,234.5799199551271,1.0,200.0,290.0,500.0,1000.0,0.0,,,,,,,,26.0,0.038461061551422156,0.053416432789657395,1.45878388481442e-06,9.299747265691928e-06,0.0169583626609676,0.050952768224769344,0.187267004861397,26.0,0.0384606459542931,0.06543951803878088,3.28259205916164e-07,7.986956353527276e-06,0.010005121480272845,0.055131162331488376,0.279260419882097,26.0,2.9861538461538464,1.3530648969597192,1.69,2.215,2.49,3.14,6.99
Fruit en Verse Sappen,201811.0,27.0,298.55555555555554,243.07866459129474,1.0,77.0,250.0,500.0,1000.0,0.0,,,,,,,,27.0,0.037036497462096946,0.05525259012646829,1.98661682465788e-06,2.5163813112333218e-05,0.00903513331854407,0.05150502779608035,0.194391118498382,27.0,0.03703608625597582,0.06615421568055663,8.41828448290047e-07,2.5750596264269e-05,0.00683872187026333,0.03739091993573395,0.272423556316916,27.0,2.9307407407407404,1.413195848820151,1.69,2.09,2.39,3.09,7.49
Fruit en Verse Sappen,201812.0,25.0,302.4,242.1070269529573,1.0,150.0,250.0,500.0,1000.0,0.0,,,,,,,,25.0,0.03999968451683544,0.04944406059403142,3.94353955547633e-07,0.000991011490291202,0.0141608561897599,0.0666982675636378,0.158669891430412,25.0,0.03999937823359048,0.05967775950334964,4.74013679860822e-07,0.00173372321419146,0.00943348093710667,0.0379088620556361,0.192656912307256,25.0,3.0828,1.8477452926923306,1.75,2.19,2.49,3.09,9.99
Fruit en Verse Sappen,201901.0,26.0,290.8076923076923,244.46901958829372,1.0,40.5,250.0,500.0,1000.0,0.0,,,,,,,,26.0,0.03846115598127626,0.05494915495611622,7.64960524212148e-07,6.349172350960805e-05,0.01457135054545505,0.04172725791485528,0.194151570808188,26.0,0.03846085931253472,0.0619284996705649,1.63625092226661e-07,4.624453942709418e-05,0.00995126051192026,0.03257975242135768,0.21641961997158,26.0,2.994230769230769,1.4552227955249275,1.8,2.0999999999999996,2.51,3.1525000000000003,7.7
Fruit en Verse Sappen,201902.0,28.0,305.75,241.55351757292183,1.0,113.5,250.0,500.0,1000.0,0.0,,,,,,,,28.0,0.035714144235242946,0.048740402693106734,6.60235532423836e-07,5.94211979181453e-06,0.009285882645775019,0.0617011562704879,0.157587657821051,28.0,0.03571402045180332,0.058818863057873726,4.34347931824523e-07,4.940707346953805e-06,0.0068907511005416,0.04550699472558193,0.201707064977003,28.0,3.009285714285714,1.4121245579607227,1.8,2.2,2.56,3.0999999999999996,7.79
Fruit en Verse Sappen,201903.0,25.0,302.28,242.26178505905546,1.0,150.0,250.0,500.0,1000.0,0.0,,,,,,,,25.0,0.039999999999999904,0.05631723350454645,5.25499329462855e-07,7.88248994194283e-06,0.00621613156821611,0.0682844338690623,0.178196822620854,25.0,0.03999999999999992,0.0635590725641225,1.18099939995921e-07,7.85561385908754e-06,0.00633493765638207,0.0514267093075883,0.226459835279862,25.0,2.9956,1.4253452213411317,1.85,2.05,2.45,3.19,7.29
Fruit en Verse Sappen,201904.0,25.0,322.24,236.9020595801846,1.0,190.0,250.0,500.0,1000.0,0.0,,,,,,,,25.0,0.03999999999999993,0.06154014692915155,4.10984463965293e-07,2.87689124775705e-06,0.00338815592092987,0.0614364235803158,0.2456334955626,25.0,0.03999999999999992,0.07198133667710561,1.00007180392138e-07,3.58192362415656e-06,0.00409290873238604,0.0355480776143482,0.270973785104144,25.0,3.022,1.4080571721347115,1.85,2.25,2.56,3.07,7.29
Fruit en Verse Sappen,201905.0,25.0,322.34,236.76151503147634,1.0,190.0,250.0,500.0,1000.0,0.0,,,,,,,,25.0,0.039999749311651484,0.06591427137465485,1.04453478509741e-06,4.12591240113478e-05,0.00469675066119051,0.0549811774831725,0.282070351506845,25.0,0.039999593878900834,0.08548849358668714,7.18209299182907e-07,4.51263178022896e-05,0.00449662277768966,0.0234529571270743,0.398190143627543,25.0,3.0828,1.3938391824979908,1.85,2.29,2.56,3.29,7.29
Fruit en Verse Sappen,201906.0,27.0,317.01851851851853,238.53738948503687,1.0,170.0,250.0,500.0,1000.0,0.0,,,,,,,,27.0,0.03703679390284266,0.05241506693307344,1.09410387422181e-06,3.692600575498635e-05,0.00490869703169618,0.05109711265987585,0.151695861005043,27.0,0.03703654988786876,0.057066743661792416,5.12788607037937e-07,4.09429628247911e-05,0.00665214560646022,0.040008228232920745,0.190677220293236,27.0,2.935185185185185,1.2257034726429568,1.85,2.27,2.49,3.1799999999999997,7.2
Fruit en Verse Sappen,201907.0,27.0,317.037037037037,238.51193027433843,1.0,170.0,250.0,500.0,1000.0,0.0,,,,,,,,27.0,0.03703669434979848,0.0504269337328736,1.54209257335927e-06,1.503540259025285e-05,0.00591238292625944,0.0614396667846367,0.164250593127356,27.0,0.03703637358634978,0.05464380194197375,1.2289823946877e-06,1.7623907331367453e-05,0.00811764466214717,0.04901947321085075,0.209741143795439,27.0,2.904074074074074,1.2224888209627593,1.85,2.25,2.49,3.07,7.2
Fruit en Verse Sappen,201908.0,26.0,329.1923076923077,234.5519591443686,1.0,200.0,290.0,500.0,1000.0,0.0,,,,,,,,26.0,0.03846113285330304,0.06389793514719375,6.20342006955274e-07,1.6594148686053592e-05,0.00508246206298456,0.049989950459487294,0.268418884699512,26.0,0.03846092081015214,0.07763762612517325,4.20928496360485e-07,1.6596389538368408e-05,0.005555837403060815,0.03562732003421455,0.357887798733079,26.0,2.963846153846154,1.2532264820792034,1.85,2.26,2.49,3.07,7.2
Fruit en Verse Sappen,201909.0,27.0,298.55555555555554,243.07866459129474,1.0,77.0,250.0,500.0,1000.0,0.0,,,,,,,,27.0,0.03703673617297622,0.056528152527924674,6.24871510795592e-07,7.810893884944905e-06,0.00502146746075338,0.0601266989475289,0.174688454686505,27.0,0.03703654975836754,0.06450893563673771,1.28796127257007e-07,6.67163890571265e-06,0.00315809384437598,0.04277030827664425,0.227145303842412,27.0,2.881851851851852,1.2667342537074104,1.85,2.05,2.45,3.07,7.2
Fruit en Verse Sappen,201910.0,26.0,329.1923076923077,234.5519591443686,1.0,200.0,290.0,500.0,1000.0,0.0,,,,,,,,26.0,0.038461145233332585,0.06256711684452194,7.30280953688503e-07,7.120239298462898e-06,0.00918583897597082,0.0596988248318893,0.261964923145232,26.0,0.03846097076175211,0.07605958464620312,5.85050683281711e-07,6.22409325206307e-06,0.007637350317837845,0.03957521059805243,0.334232800542177,26.0,2.994615384615384,1.2400265505842392,1.85,2.305,2.49,3.07,7.2
Fruit en Verse Sappen,201911.0,25.0,302.4,242.1070269529573,1.0,150.0,250.0,500.0,1000.0,0.0,,,,,,,,25.0,0.03999972364000649,0.05502649998319098,5.75749986325937e-07,6.33324984958531e-06,0.00875485429207221,0.0665964251683349,0.187217774553577,25.0,0.039999486347465286,0.06887402297826736,4.27626562741792e-07,6.10150084944833e-06,0.0102406823122488,0.0471034925730515,0.236171805385341,25.0,2.894,1.2721209324064544,1.85,2.25,2.45,3.07,7.2
Fruit en Verse Sappen,201912.0,27.0,298.55555555555554,243.07866459129474,1.0,77.0,250.0,500.0,1000.0,0.0,,,,,,,,27.0,0.03703685329465351,0.051182695881173204,3.81618796404845e-07,4.1978067604532954e-06,0.00644935765924189,0.0631397839121727,0.167855790836264,27.0,0.03703668549726781,0.059442847481829354,7.11618950037139e-08,4.2796762881569444e-06,0.00798408996065455,0.03370145091088335,0.190962458680671,27.0,3.011111111111111,1.6732012921649815,1.85,2.15,2.49,3.07,9.99
Fruit en Verse Sappen,,1.0,500.0,,500.0,500.0,500.0,500.0,500.0,0.0,,,,,,,,0.0,,,,,,,,0.0,,,,,,,,1.0,39.99,,39.99,39.99,39.99,39.99,39.99
Gevogelte en Vis Vega,201801.0,20.0,95.4075,97.48311631818746,0.15,1.0,100.0,170.0,250.0,8.0,0.384875,0.477843500232331,0.15,0.165,0.2,0.29675,1.55,20.0,0.04423859780607711,0.07508542777893913,0.0037237713192819,0.0117231733862463,0.02158292532594515,0.036095599663355474,0.338402453982704,20.0,0.04519106915819285,0.06050076540728305,0.00240307826470721,0.010366177975519161,0.02452583832870915,0.045771047990018576,0.21057039502023,20.0,9.6995,11.194662015066777,1.49,2.7350000000000003,3.39,16.24,39.99
Gevogelte en Vis Vega,201802.0,20.0,95.4075,97.48311631818746,0.15,1.0,100.0,170.0,250.0,8.0,0.384875,0.477843500232331,0.15,0.165,0.2,0.29675,1.55,20.0,0.04510013741325441,0.06351139695038294,0.00275371079320303,0.010941779982682646,0.02253386773838105,0.04579609833488532,0.223533426636388,20.0,0.04603200102318751,0.06394674916613927,0.00177659970857534,0.008786910856682234,0.02927956766542275,0.05650924236188457,0.259795826474185,20.0,9.682500000000001,11.204841470026297,1.49,2.7350000000000003,3.27,16.24,39.99
Gevogelte en Vis Vega,201803.0,20.0,95.4075,97.48311631818746,0.15,1.0,100.0,170.0,250.0,8.0,0.384875,0.477843500232331,0.15,0.165,0.2,0.29675,1.55,20.0,0.04521069977521992,0.06777852198085091,0.00614925694491287,0.011206126499584,0.02191929040640965,0.0384853204801939,0.273718586836025,20.0,0.046249269650696014,0.0644357088042131,0.00472913016558338,0.009156076057315988,0.02488979330944865,0.0484261190880967,0.259426520945893,20.0,9.682500000000001,11.204841470026297,1.49,2.7350000000000003,3.27,16.24,39.99
Gevogelte en Vis Vega,201804.0,20.0,95.4075,97.48311631818746,0.15,1.0,100.0,170.0,250.0,8.0,0.384875,0.477843500232331,0.15,0.165,0.2,0.29675,1.55,20.0,0.04606691496015815,0.05987434273805479,0.00372032753551731,0.01377524617117985,0.02087590690623995,0.04528979232585662,0.24131600983666,20.0,0.04689872731464325,0.061607373083489146,0.00217925553735187,0.011056764944034424,0.03234815283788915,0.05263819630867055,0.228397135892082,20.0,9.698500000000001,11.194518994861538,1.49,2.7350000000000003,3.27,16.24,39.99
Gevogelte en Vis Vega,201805.0,20.0,95.4075,97.48311631818746,0.15,1.0,100.0,170.0,250.0,8.0,0.384875,0.477843500232331,0.15,0.165,0.2,0.29675,1.55,20.0,0.045761287891987176,0.06273668964369673,0.00252316780707891,0.011277629645306025,0.02006629929002835,0.047837792967057424,0.273135195636725,20.0,0.04677459635044861,0.07202381358271619,0.00152655493187236,0.01065289563610315,0.02122313259872685,0.05020889049025977,0.323382500824376,20.0,9.700500000000002,11.194127913189222,1.49,2.7350000000000003,3.34,16.24,39.99
Gevogelte en Vis Vega,201806.0,20.0,95.4075,97.48311631818746,0.15,1.0,100.0,170.0,250.0,8.0,0.384875,0.477843500232331,0.15,0.165,0.2,0.29675,1.55,20.0,0.04641129938506988,0.0718966558934977,0.00233371282878859,0.011155324173860448,0.0172545161801387,0.038457443084892726,0.304544734408447,20.0,0.04703809152086251,0.06601830556784327,0.00153409797020528,0.012298634252280574,0.0163481280193613,0.04485272327075385,0.237917578491586,20.0,9.820500000000001,11.249053983616392,1.49,2.8850000000000002,3.34,16.99,39.99
Gevogelte en Vis Vega,201807.0,20.0,95.4075,97.48311631818746,0.15,1.0,100.0,170.0,250.0,8.0,0.384875,0.477843500232331,0.15,0.165,0.2,0.29675,1.55,20.0,0.04641462369395567,0.05765404103933914,0.0025870810208072,0.013236810045918777,0.023687532838660652,0.050460715222081426,0.238824325932196,20.0,0.047232570141814076,0.05744342220586906,0.00161266117881118,0.012619246071578476,0.025849317271988748,0.048371655715255556,0.205443175845427,20.0,9.828500000000002,11.244969998321823,1.49,2.8850000000000002,3.34,16.99,39.99
Gevogelte en Vis Vega,201808.0,20.0,95.4075,97.48311631818746,0.15,1.0,100.0,170.0,250.0,8.0,0.384875,0.477843500232331,0.15,0.165,0.2,0.29675,1.55,20.0,0.04657808207636478,0.0600832150659092,0.00252650110084054,0.015444748447404575,0.023379281138932,0.05164083996461345,0.256186546464783,20.0,0.047458390937612845,0.06735174974862851,0.00148949141722711,0.011794212609200124,0.01876605593590945,0.059810064083422224,0.298864238934824,20.0,9.828500000000002,11.245063607037347,1.49,2.8850000000000002,3.37,16.99,39.99
Gevogelte en Vis Vega,201809.0,20.0,95.4075,97.48311631818746,0.15,1.0,100.0,170.0,250.0,8.0,0.384875,0.477843500232331,0.15,0.165,0.2,0.29675,1.55,20.0,0.04710633266984211,0.08103957421202297,0.0023092847509601,0.013147996277737724,0.0163768350004509,0.031138988459169376,0.345421596531668,20.0,0.04745800014301295,0.0711017229251017,0.00155644393091997,0.010985394192208325,0.01976169332955525,0.04604365865482703,0.247817809657413,20.0,9.825500000000002,11.247216486056029,1.49,2.8850000000000002,3.37,16.99,39.99
Gevogelte en Vis Vega,201810.0,20.0,95.4075,97.48311631818746,0.15,1.0,100.0,170.0,250.0,8.0,0.384875,0.477843500232331,0.15,0.165,0.2,0.29675,1.55,20.0,0.044590557783490734,0.06238607711879234,0.00337823420655324,0.014892949536401051,0.022993099359761703,0.054082311731780394,0.274749977220851,20.0,0.0457620719536039,0.05823565141383934,0.00210506398696116,0.012040835814055226,0.025653512566916448,0.049999995296387996,0.20609287525423,20.0,9.325500000000002,10.018949663932894,1.49,2.8850000000000002,3.37,16.99,32.99
Gevogelte en Vis Vega,201811.0,20.0,95.4075,97.48311631818746,0.15,1.0,100.0,170.0,250.0,8.0,0.384875,0.477843500232331,0.15,0.165,0.2,0.29675,1.55,20.0,0.045311701761125235,0.0627594638963539,0.0050899175870959,0.013660404183613226,0.0182909322043966,0.04043568744084365,0.261096634179375,20.0,0.046260473342410666,0.05981617899540101,0.00324564399272187,0.010912282946666655,0.02235767834412165,0.054312857611008424,0.207751648802044,20.0,9.0005,9.462409549035817,1.49,2.8850000000000002,3.37,16.99,32.99
Gevogelte en Vis Vega,201812.0,20.0,95.4075,97.48311631818746,0.15,1.0,100.0,170.0,250.0,8.0,0.384875,0.477843500232331,0.15,0.165,0.2,0.29675,1.55,20.0,0.04635244267758218,0.06273143563507362,0.00418459966253681,0.014344992939102151,0.018066352786598,0.05281319924646317,0.243014905091988,20.0,0.04679082874475986,0.06062203239540263,0.00330857659954939,0.010130927317691078,0.0232395434099589,0.04317384074335025,0.236542601914634,20.0,9.0035,9.460548707242369,1.49,2.8850000000000002,3.42,16.99,32.99
Gevogelte en Vis Vega,201901.0,19.0,100.3763157894737,97.51761431833319,0.15,1.0,100.0,180.0,250.0,7.0,0.4148571428571429,0.507937144592855,0.15,0.16,0.225,0.3295,1.55,19.0,0.04807663296997269,0.08030057701181484,0.00482070416036656,0.01230343171817605,0.0179715291828871,0.0472772559037896,0.344221446790491,19.0,0.04836355694676786,0.06722383803649457,0.00301067546255579,0.01049323868430716,0.0160084587294402,0.042762086910677996,0.231297751833629,19.0,7.951578947368421,8.025566967273951,1.53,2.785,3.34,13.87,25.7
Gevogelte en Vis Vega,201902.0,20.0,95.4075,97.48311631818746,0.15,1.0,100.0,170.0,250.0,8.0,0.384875,0.477843500232331,0.15,0.165,0.2,0.29675,1.55,20.0,0.04560289611830444,0.06740708843616572,0.00542189851639544,0.011743693138365575,0.01930419132241635,0.04689668037237483,0.246035903798266,20.0,0.04643032197602083,0.0698784893420215,0.00257467623335141,0.009583986108117743,0.023739368915821547,0.03744875424495895,0.280721454733366,20.0,9.3055,9.810407725311018,1.53,2.9749999999999996,3.5149999999999997,17.47,34.59
Gevogelte en Vis Vega,201903.0,20.0,95.4075,97.48311631818746,0.15,1.0,100.0,170.0,250.0,8.0,0.384875,0.477843500232331,0.15,0.165,0.2,0.29675,1.55,20.0,0.045164220751056236,0.07268128194009821,0.00508602110931788,0.011683340687492326,0.0223924745529811,0.03665302827229375,0.324276316926918,20.0,0.045853724358746684,0.05965242362657351,0.00267830050198581,0.010054740777951265,0.02746813477861535,0.04767620694501945,0.220038662866641,20.0,9.3005,9.81427128163236,1.53,2.9749999999999996,3.5149999999999997,17.47,34.59
Gevogelte en Vis Vega,201904.0,20.0,95.4075,97.48311631818746,0.15,1.0,100.0,170.0,250.0,8.0,0.384875,0.477843500232331,0.15,0.165,0.2,0.29675,1.55,20.0,0.0457554166585923,0.06073812603879454,0.00492207304891948,0.013093304465627375,0.0253987072952028,0.04842930553671557,0.219898986518029,20.0,0.046687540818601166,0.0638101222858823,0.00521228377203012,0.008819822599994639,0.02406125815813055,0.05113069558745912,0.253077303341874,20.0,9.2595,9.825818018711832,1.53,2.9749999999999996,3.245,17.335,34.59
Gevogelte en Vis Vega,201905.0,20.0,95.4075,97.48311631818746,0.15,1.0,100.0,170.0,250.0,8.0,0.384875,0.477843500232331,0.15,0.165,0.2,0.29675,1.55,20.0,0.04562905365000991,0.07066144241261414,0.00478100706849231,0.010775952943160678,0.02173110979929155,0.0396196372989466,0.305613586531532,20.0,0.04643533747574889,0.06489669991396252,0.00249664415245029,0.008385492172844306,0.0255876440111709,0.042788645486860004,0.238494883644091,20.0,9.3205,9.883092673322137,1.53,2.9749999999999996,3.245,17.5925,34.59
Gevogelte en Vis Vega,201906.0,20.0,95.4075,97.48311631818746,0.15,1.0,100.0,170.0,250.0,8.0,0.384875,0.477843500232331,0.15,0.165,0.2,0.29675,1.55,20.0,0.04527405329681266,0.060342273441511524,0.00440035202816225,0.012084692265577322,0.0231630295129492,0.04190805852703507,0.2387979273636,20.0,0.0464057781384177,0.06434068068524619,0.00237428657035866,0.00859771809983536,0.02643423642362755,0.05658916209332471,0.271678094604862,20.0,9.3385,9.869967351836369,1.69,2.9749999999999996,3.315,17.5925,34.59
Gevogelte en Vis Vega,201907.0,20.0,95.4075,97.48311631818746,0.15,1.0,100.0,170.0,250.0,8.0,0.384875,0.477843500232331,0.15,0.165,0.2,0.29675,1.55,20.0,0.04610033954306961,0.062412158454612586,0.00390702829248854,0.012533103373846013,0.025375967158132402,0.04201430397821608,0.232644077505479,20.0,0.04684185687747809,0.06431168023937363,0.00259720798682833,0.00919793209127411,0.0271693729189599,0.059702723824867854,0.267220011783091,20.0,9.406499999999998,10.062117740369203,1.65,2.915,3.315,17.5925,35.99
Gevogelte en Vis Vega,201908.0,20.0,95.4075,97.48311631818746,0.15,1.0,100.0,170.0,250.0,8.0,0.384875,0.477843500232331,0.15,0.165,0.2,0.29675,1.55,20.0,0.04536164210886366,0.06327730912930198,0.00433584137176012,0.011417346110358577,0.0248674807674238,0.04002365868155368,0.240691454264633,20.0,0.04630258487534657,0.06689858834993125,0.00268851910338738,0.0091966168989721,0.027509593197183498,0.050231685602780796,0.284208778167226,20.0,9.452,10.104955845107833,1.65,2.915,3.395,17.5925,35.99
Gevogelte en Vis Vega,201909.0,20.0,95.4075,97.48311631818746,0.15,1.0,100.0,170.0,250.0,8.0,0.384875,0.477843500232331,0.15,0.165,0.2,0.29675,1.55,20.0,0.04511482782727282,0.07960152836138773,0.00399384918873306,0.01062328071619197,0.0215591754451019,0.03159714424488045,0.319400497347257,20.0,0.04595423665331405,0.0738941949901217,0.00257925093097112,0.008160982401056935,0.02180930530837145,0.040644311998913205,0.276278576873285,20.0,9.462,10.098633883639383,1.65,2.915,3.495,17.5925,35.99
Gevogelte en Vis Vega,201910.0,20.0,95.4075,97.48311631818746,0.15,1.0,100.0,170.0,250.0,8.0,0.384875,0.477843500232331,0.15,0.165,0.2,0.29675,1.55,20.0,0.0413137073850777,0.06031019851764116,0.00465422241534348,0.012431275988388567,0.023053850656914,0.0374619038135414,0.25494782708405,20.0,0.04372906832625512,0.06152053243050384,0.00335503728319408,0.009362540656732421,0.02129068775326905,0.040819486400475224,0.221397752465689,20.0,9.455,10.101842718820635,1.65,2.915,3.495,17.5925,35.99
Gevogelte en Vis Vega,201911.0,19.0,93.85000000000001,99.89839143405219,0.15,1.0,100.0,180.0,250.0,8.0,0.384875,0.477843500232331,0.15,0.165,0.2,0.29675,1.55,19.0,0.04781323222955806,0.09649825537683916,0.00301666043341119,0.01205649799242125,0.0168941804915568,0.027975115197617702,0.40595958027845,19.0,0.04840286209468911,0.0802353921815464,0.00391833041691341,0.00894305096989442,0.0205750808428729,0.039917010770421396,0.286281941329031,19.0,9.832105263157894,10.221451614101355,1.65,3.04,3.5,17.895,35.99
Gevogelte en Vis Vega,201912.0,20.0,95.4075,97.48311631818746,0.15,1.0,100.0,170.0,250.0,8.0,0.384875,0.477843500232331,0.15,0.165,0.2,0.29675,1.55,20.0,0.044480759804200035,0.06051933265673485,0.00384114479752166,0.012921436845745777,0.0216505709820072,0.05049040888115103,0.217095139929041,20.0,0.045359910954143656,0.06410017685156594,0.00345881965576265,0.008999662567375177,0.02304530058311055,0.039640219150826404,0.265980059246526,20.0,9.393,10.141095186366577,0.99,2.915,3.495,17.5925,35.99
Zuivel en Gekoeld Sap,201801.0,12.0,346.125,347.7033822749709,1.0,150.375,250.0,500.0,1000.0,0.0,,,,,,,,12.0,0.05019694286322818,0.05993359230177055,0.00838655653427243,0.016305118472073422,0.023097167232208747,0.05479854933345775,0.21354441718042,12.0,0.04770676375776339,0.05530592215957861,0.0111564461428951,0.015677589287333624,0.02405386040738735,0.04649552179935122,0.173309597863266,12.0,1.285,0.4613123572039783,0.69,0.9849999999999999,1.0899999999999999,1.6150000000000002,2.19
Zuivel en Gekoeld Sap,201802.0,12.0,346.125,347.7033822749709,1.0,150.375,250.0,500.0,1000.0,0.0,,,,,,,,12.0,0.05098967281235717,0.05843366760677085,0.00842003016577348,0.015252986907040252,0.0273715794167566,0.05970126896739258,0.209165302216573,12.0,0.04738315022808681,0.0521258709136555,0.0113314708659688,0.014775595861488602,0.023553332239479752,0.049483980640693474,0.166839696923785,12.0,1.2683333333333333,0.4528261423013419,0.69,0.9849999999999999,1.0899999999999999,1.6150000000000002,2.19
Zuivel en Gekoeld Sap,201803.0,12.0,346.125,347.7033822749709,1.0,150.375,250.0,500.0,1000.0,0.0,,,,,,,,12.0,0.05923002790352779,0.059673365354641426,0.010761627041615,0.017013957188002,0.03974685337510485,0.08678458224393755,0.213947999029414,12.0,0.05332303938770669,0.05330915004363182,0.0124517078199978,0.021484085370812398,0.029631494963189647,0.0663466214075308,0.172698866419724,12.0,1.2733333333333334,0.4645101688549961,0.69,0.9650000000000001,1.0899999999999999,1.6300000000000001,2.19
Zuivel en Gekoeld Sap,201804.0,12.0,346.125,347.7033822749709,1.0,150.375,250.0,500.0,1000.0,0.0,,,,,,,,12.0,0.0535548196181295,0.06326964863663899,0.0102309102737055,0.01336877269658485,0.03251245429939255,0.0558572714539218,0.231595244800306,12.0,0.04899436968073272,0.0553503099111474,0.0116902358442269,0.01761938962749165,0.0263418095961791,0.04782885158246133,0.184639124506794,12.0,1.2633333333333334,0.4415949055481286,0.69,0.9650000000000001,1.16,1.515,2.19
Zuivel en Gekoeld Sap,201805.0,12.0,346.125,347.7033822749709,1.0,150.375,250.0,500.0,1000.0,0.0,,,,,,,,12.0,0.058569342866444433,0.06793870273462664,0.00936692000785193,0.0180127750433843,0.034997693796372395,0.07398819079228627,0.25098962027725,12.0,0.05367363513796134,0.05892795592646267,0.0115146238461495,0.02021880524956745,0.0279460439239885,0.06301605577361125,0.203451810841029,12.0,1.2700000000000002,0.4419173102413042,0.69,0.9650000000000001,1.185,1.5375,2.19
Zuivel en Gekoeld Sap,201806.0,12.0,346.125,347.7033822749709,1.0,150.375,250.0,500.0,1000.0,0.0,,,,,,,,12.0,0.05558611500816633,0.067672769223451,0.00979020447991555,0.013196225541099975,0.0348172096493409,0.0568380506159456,0.24848884957029,12.0,0.05162754974471429,0.058067433049678575,0.0118282914077431,0.017744077414418753,0.0281316569919731,0.05112671538416712,0.203071792803205,12.0,1.2675000000000003,0.4415082620456218,0.69,0.9474999999999999,1.2,1.5300000000000002,2.19
Zuivel en Gekoeld Sap,201807.0,12.0,346.125,347.7033822749709,1.0,150.375,250.0,500.0,1000.0,0.0,,,,,,,,12.0,0.05415632518292998,0.06932916279391342,0.00866448637395511,0.017330149588164725,0.029187697782715252,0.057014232706038254,0.260338247425956,12.0,0.048926570776895384,0.056865091999051494,0.013468024321867,0.016335257144667197,0.0258269372006849,0.0498742014966079,0.206010065500081,12.0,1.2675000000000003,0.4415082620456218,0.69,0.9474999999999999,1.2,1.5300000000000002,2.19
Zuivel en Gekoeld Sap,201808.0,12.0,346.125,347.7033822749709,1.0,150.375,250.0,500.0,1000.0,0.0,,,,,,,,12.0,0.050075566908498646,0.060768758316525735,0.0095198188543018,0.014510995253789249,0.0276158550834414,0.06146141387118347,0.228284944546961,12.0,0.04723307578855018,0.04951263999610793,0.0126882470328538,0.018341857244789928,0.0263452344776028,0.0538112945107128,0.180707664641256,12.0,1.2650000000000001,0.4456353992793987,0.69,0.9324999999999999,1.2149999999999999,1.5300000000000002,2.19
Zuivel en Gekoeld Sap,201809.0,12.0,346.125,347.7033822749709,1.0,150.375,250.0,500.0,1000.0,0.0,,,,,,,,12.0,0.05463202534110725,0.05969240149864573,0.0123683363340447,0.017503964516090476,0.0312112938034315,0.060028973756691924,0.217041815211818,12.0,0.053099042689096904,0.05288656830248959,0.0169112350380756,0.022762871251955172,0.0287337282991034,0.058141595717011454,0.172125931647859,12.0,1.2650000000000001,0.4456353992793987,0.69,0.9324999999999999,1.2149999999999999,1.5300000000000002,2.19
Zuivel en Gekoeld Sap,201810.0,12.0,346.125,347.7033822749709,1.0,150.375,250.0,500.0,1000.0,0.0,,,,,,,,12.0,0.04987559364628159,0.05084208206861827,0.0102780842668262,0.016489897438226424,0.03435111444761165,0.057872597919911506,0.19058697179618,12.0,0.04526996173090982,0.04040445323955653,0.014117303545638,0.021837734890341423,0.02644072701377185,0.05012522870983493,0.133931524735705,12.0,1.2758333333333334,0.45390143770593533,0.69,0.9324999999999999,1.2149999999999999,1.5825,2.19
Zuivel en Gekoeld Sap,201811.0,12.0,346.125,347.7033822749709,1.0,150.375,250.0,500.0,1000.0,0.0,,,,,,,,12.0,0.04684655764006743,0.046466363489089224,0.00754190102206649,0.0173699086380489,0.0322568032731644,0.053083459417524424,0.168190566244488,12.0,0.04679142014576823,0.04374365048084159,0.0121414383383055,0.021326759326464273,0.027503248417863453,0.052763015642163076,0.138646341855802,12.0,1.2891666666666668,0.4587425170721556,0.69,0.95,1.22,1.5675,2.19
Zuivel en Gekoeld Sap,201812.0,12.0,346.125,347.7033822749709,1.0,150.375,250.0,500.0,1000.0,0.0,,,,,,,,12.0,0.05755592467449258,0.049330990364258163,0.00965820171349382,0.021866833647576973,0.04560342865006365,0.07273494043223852,0.175146166019477,12.0,0.053372574631881976,0.04197097599891578,0.0124110100533439,0.020988586020672727,0.038902577408783404,0.06796891768588423,0.138119582856434,12.0,1.2675,0.4461170861393391,0.69,0.95,1.22,1.4275,2.19
Zuivel en Gekoeld Sap,201901.0,12.0,346.125,347.7033822749709,1.0,150.375,250.0,500.0,1000.0,0.0,,,,,,,,12.0,0.04971512409144072,0.04772623710341949,0.00974777751906887,0.017066044643182704,0.0365199413135991,0.056561122784181544,0.175402206631114,12.0,0.047815738889362545,0.04414174561115524,0.0112792369887962,0.022457742597228873,0.030258423312060953,0.054809082761335476,0.142124006458114,12.0,1.3033333333333332,0.4574699857682336,0.71,0.98,1.255,1.4675,2.25
Zuivel en Gekoeld Sap,201902.0,12.0,346.125,347.7033822749709,1.0,150.375,250.0,500.0,1000.0,0.0,,,,,,,,12.0,0.050526312226083274,0.048106303044089346,0.00945372691901695,0.02250614268227765,0.034089571747664,0.05378035572298453,0.183693829479259,12.0,0.046886064942512795,0.041549472838744474,0.0132770047200344,0.02360410586168125,0.03023569395829065,0.0502472489690467,0.14239651950106,12.0,1.32,0.45529211402231545,0.75,0.9874999999999999,1.27,1.5299999999999998,2.25
Zuivel en Gekoeld Sap,201903.0,12.0,346.125,347.7033822749709,1.0,150.375,250.0,500.0,1000.0,0.0,,,,,,,,12.0,0.05251272087949398,0.049887768882023224,0.0110677409696094,0.019911162715708475,0.03286744678727505,0.06637042948182084,0.188148435174885,12.0,0.051262576915264424,0.04479837987922487,0.0142090874810494,0.023767797856955375,0.0295964339254564,0.058437979434520074,0.152094112964779,12.0,1.3183333333333334,0.46116124833912164,0.75,0.9874999999999999,1.27,1.4849999999999999,2.29
Zuivel en Gekoeld Sap,201904.0,12.0,346.125,347.7033822749709,1.0,150.375,250.0,500.0,1000.0,0.0,,,,,,,,12.0,0.05254161441433596,0.055948168639642734,0.0120374488232422,0.01814818121823715,0.0352812696929995,0.05826122940981522,0.211630953832311,12.0,0.04787141441875539,0.04422037250277181,0.0119569770801156,0.022812400042806373,0.028087338845650553,0.05081042718546375,0.154216414655063,12.0,1.3233333333333335,0.45877967247774604,0.75,0.9874999999999999,1.3,1.4849999999999999,2.29
Zuivel en Gekoeld Sap,201905.0,12.0,346.125,347.7033822749709,1.0,150.375,250.0,500.0,1000.0,0.0,,,,,,,,12.0,0.05110255373327704,0.04991987335172503,0.0119166470277563,0.019009715214240275,0.0334247690998479,0.06582784615618242,0.183470355744564,12.0,0.04745656299267492,0.043430446591301373,0.0123520397650642,0.021868433625615875,0.027663667903070302,0.0566368387381942,0.146006447729783,12.0,1.3233333333333335,0.45877967247774604,0.75,0.9874999999999999,1.3,1.4849999999999999,2.29
Zuivel en Gekoeld Sap,201906.0,12.0,346.125,347.7033822749709,1.0,150.375,250.0,500.0,1000.0,0.0,,,,,,,,12.0,0.05237739477818639,0.056872103407170374,0.0115489172181063,0.018442720783465826,0.03553093017660405,0.05332924766121662,0.213446509444709,12.0,0.04934685619974941,0.048222651319822056,0.0123814661225676,0.022087684646499274,0.028775299957310402,0.04775875611690637,0.17107764007185,12.0,1.3366666666666667,0.45972982843352156,0.75,0.9874999999999999,1.3,1.55,2.29
Zuivel en Gekoeld Sap,201907.0,12.0,346.125,347.7033822749709,1.0,150.375,250.0,500.0,1000.0,0.0,,,,,,,,12.0,0.05178744115691852,0.06049511451282415,0.0112089081451972,0.019451240266546377,0.031385741511912355,0.05123326251479135,0.228999271334956,12.0,0.04850009561859634,0.04947984407827874,0.0135862362847298,0.022877681159408247,0.02866569053164455,0.04663401946545277,0.181935947116852,12.0,1.345,0.4524579337553733,0.81,0.9874999999999999,1.32,1.55,2.29
Zuivel en Gekoeld Sap,201908.0,12.0,346.125,347.7033822749709,1.0,150.375,250.0,500.0,1000.0,0.0,,,,,,,,12.0,0.05557584866237434,0.06194302409045437,0.0142360017064798,0.021506317042770676,0.0325667186232164,0.056431296060317854,0.2359354827916,12.0,0.05142334133664658,0.04958618188897487,0.0124727788999229,0.02564649572064685,0.030150066535732052,0.0545034450847094,0.183389927234044,12.0,1.34,0.45031302244307586,0.81,0.9874999999999999,1.32,1.505,2.29
Zuivel en Gekoeld Sap,201909.0,12.0,346.125,347.7033822749709,1.0,150.375,250.0,500.0,1000.0,0.0,,,,,,,,12.0,0.05164153074027595,0.05334770871488444,0.0128040150564617,0.021635257214554525,0.032212045169385146,0.049798996235884525,0.199033375156838,12.0,0.05062192904445046,0.04712806896099417,0.0156464744006107,0.027189498934392,0.02903466486173035,0.04907823446398998,0.161861480461431,12.0,1.3433333333333335,0.45463938423432887,0.79,0.9874999999999999,1.32,1.55,2.29
Zuivel en Gekoeld Sap,201910.0,12.0,346.125,347.7033822749709,1.0,150.375,250.0,500.0,1000.0,0.0,,,,,,,,12.0,0.052972006605618176,0.05295117024522938,0.0108608169981399,0.0219902320994215,0.0324371333524109,0.05447686926394532,0.195546445434662,12.0,0.05091390440799807,0.04563340018986444,0.0137301772207437,0.026456600886171276,0.0320309687619383,0.051393598946917,0.155679405796881,12.0,1.3416666666666668,0.45672417244653224,0.79,0.9874999999999999,1.29,1.56,2.29
Zuivel en Gekoeld Sap,201911.0,12.0,346.125,347.7033822749709,1.0,150.375,250.0,500.0,1000.0,0.0,,,,,,,,12.0,0.04945889624638889,0.04858516294569744,0.00947875868404017,0.0217649501711191,0.02995579472453975,0.055180347156673706,0.174403493988829,12.0,0.04929346619446326,0.04318005666542785,0.00646942109860509,0.02734308641646805,0.0329522480742067,0.053421933001922925,0.142304229339926,12.0,1.3416666666666666,0.4543293425645668,0.79,0.9874999999999999,1.32,1.515,2.29
Zuivel en Gekoeld Sap,201912.0,11.0,332.1363636363636,361.11550028412597,1.0,100.75,250.0,375.0,1000.0,0.0,,,,,,,,11.0,0.059181201478111574,0.049300676315411567,0.00872349190472295,0.02812590160465415,0.0380935773174515,0.07747052533457015,0.161808553420795,11.0,0.056443823222594974,0.04003750129281613,0.0132256533845186,0.0248354935940799,0.0461697614356194,0.0761155237229447,0.125604576785059,11.0,1.3736363636363638,0.43539115120251876,0.81,1.04,1.35,1.49,2.29
Zuivel en Gekoeld Sap,,1.0,250.0,,250.0,250.0,250.0,250.0,250.0,0.0,,,,,,,,0.0,,,,,,,,0.0,,,,,,,,1.0,0.79,,0.79,0.79,0.79,0.79,0.79
