ItemDescr,Content,Weight,Biological,PrivateLabel,LowFat,LowSalt,LowSugar,PlantBased,Vegan,Vegetarian,LocalProduct,HighFiber,WholeGrain,Glutenfree,Sustainable,Halal,PeriodKey,QuantityCE,SalesGoodsEUR,RetailItemPrice,PriceAdjusted
AH Abrikozen 500 gram,500.0,,0.0,1.0,1.0,1.0,0.0,1.0,1.0,1.0,0.0,0.0,0.0,1.0,0.0,0.0,201859.0,0.030810650808779257,0.02363998533787149,2.7061904761904763,5.4123809523809525
"AH Biologisch AH Bio appelsap 1,0L 1 liter",1.0,,1.0,1.0,1.0,1.0,0.0,1.0,1.0,1.0,0.0,0.0,0.0,1.0,1.0,0.0,201856.5,0.0205717308903655,0.022053561367212423,1.49875,1.49875
AH Biologisch Bio slagroom 250 milliliter,250.0,,1.0,1.0,0.0,1.0,0.0,0.0,0.0,1.0,0.0,0.0,0.0,1.0,1.0,0.0,201856.5,0.03144671465813975,0.03179646549755217,1.22875,4.915
AH Biologisch Bio verse zalm 175gr 1 kilogram,1.0,0.175,1.0,1.0,0.0,1.0,1.0,0.0,0.0,0.0,0.0,0.0,0.0,0.0,0.0,0.0,201854.5652173913,0.026780112718735902,0.053335105480839536,36.85956521739131,36.85956521739131
AH Biologisch Biologische halfvolle melk 1.5 liter,1.5,,1.0,1.0,1.0,1.0,0.0,0.0,0.0,1.0,1.0,0.0,0.0,1.0,1.0,0.0,201856.5,0.10043134225931456,0.1282403302704762,1.5675000000000001,1.0450000000000002
AH Biologisch Kiwi gold schaal 4 stuk,4.0,,1.0,1.0,1.0,1.0,0.0,1.0,1.0,1.0,0.0,0.0,0.0,1.0,0.0,0.0,201860.0,0.006302682183911799,0.007745064724105216,3.49,3.49
AH Biologisch Vegan spinazie burger 160 gram,160.0,,1.0,1.0,0.0,0.0,1.0,1.0,1.0,1.0,0.0,0.0,0.0,0.0,1.0,0.0,201856.5,0.006264258555321236,0.004796029358394285,2.625,16.40625
AH Blauwe bessen 500 gram,500.0,,0.0,1.0,1.0,1.0,0.0,1.0,1.0,1.0,0.0,0.0,0.0,1.0,0.0,0.0,201856.5,0.09181575743786032,0.17950634394911455,8.4344,16.8688
AH Carambola 1 stuk,1.0,,0.0,1.0,0.0,0.0,0.0,1.0,1.0,1.0,0.0,0.0,0.0,1.0,0.0,0.0,201851.2,0.0005788089094426931,0.00038098359362811134,2.017,2.017
AH Cola light 6bl 6x0.33 liter,1.9799999999999998,,0.0,1.0,1.0,1.0,1.0,1.0,1.0,1.0,0.0,0.0,0.0,1.0,0.0,0.0,201856.5,0.004890726035877482,0.0063597648212431355,1.8125,0.9154040404040403
AH Craft soda elderflower fles 0.275 liter,0.28,,0.0,1.0,1.0,1.0,0.0,1.0,1.0,1.0,0.0,0.0,0.0,1.0,0.0,0.0,201856.5,0.0054901619488035396,0.0030466263556540407,0.7675000000000001,2.7410714285714284
AH Drinkontbijt mandar kiwi 500 milliliter,500.0,,0.0,1.0,0.0,0.0,0.0,0.0,0.0,0.0,0.0,0.0,0.0,0.0,0.0,0.0,201854.08695652173,0.020021285377351906,0.013076085514105926,0.7969565217391306,1.5939130434782611
AH Dubbelvla vanille chocolade 1 liter,1.0,,0.0,1.0,0.0,1.0,0.0,0.0,0.0,0.0,1.0,0.0,0.0,0.0,0.0,0.0,201856.5,0.05349969725834666,0.05184776127638499,1.2449999999999999,1.2449999999999999
AH Excellent Creme brulee 200 gram,200.0,,0.0,1.0,0.0,1.0,0.0,0.0,0.0,1.0,0.0,0.0,0.0,1.0,0.0,0.0,201856.5,0.020586318732951563,0.02513930634819922,1.5354166666666667,7.677083333333333
AH Excellent Moelleux chocolate 200 gram,200.0,,0.0,1.0,0.0,1.0,0.0,0.0,0.0,1.0,0.0,0.0,0.0,0.0,1.0,0.0,201856.5,0.014989132606021029,0.026674846306258396,2.236666666666667,11.183333333333332
AH Gebraden kipfiletplakjes tandoori 1 kilogram,1.0,0.15,0.0,1.0,1.0,0.0,1.0,0.0,0.0,0.0,0.0,0.0,0.0,1.0,0.0,0.0,201856.5,0.019435267917553855,0.014223002259362183,16.954166666666666,16.954166666666666
AH Gedroogde pruimen 230 gram,230.0,,0.0,1.0,1.0,1.0,0.0,1.0,1.0,1.0,0.0,1.0,0.0,1.0,0.0,0.0,201856.5,0.0047359005254086215,0.005159503308084882,2.99,13.000000000000002
AH Gemengde noten 400 gram,400.0,,0.0,1.0,0.0,0.0,0.0,0.0,0.0,0.0,0.0,0.0,0.0,0.0,0.0,0.0,201856.5,0.0006225989352406435,0.0006681552871290348,3.1675,7.918749999999999
AH Gerookte Forel 125 gram,125.0,,0.0,1.0,0.0,0.0,1.0,0.0,0.0,0.0,0.0,0.0,0.0,1.0,1.0,0.0,201854.13043478262,0.053029196394251424,0.035848898780128424,2.1065217391304345,16.852173913043476
AH Goudreinette zak 1.5 kilogram,1.5,,0.0,1.0,1.0,1.0,0.0,1.0,1.0,1.0,1.0,0.0,0.0,1.0,0.0,0.0,201854.04761904763,4.166936943988029e-06,3.2978027546679994e-06,2.447142857142857,1.6314285714285712
AH Karnemelk 1 liter,1.0,,0.0,1.0,1.0,1.0,0.0,0.0,0.0,1.0,0.0,0.0,0.0,1.0,0.0,0.0,201856.5,0.2066182940314023,0.16384344619624092,0.9641666666666667,0.9641666666666667
AH Kipdijfilet flakes kebab 225 gram,225.0,,0.0,1.0,0.0,0.0,1.0,0.0,0.0,0.0,0.0,0.0,0.0,1.0,0.0,0.0,201856.5,0.02123248875463271,0.018908788585966268,2.99,13.28888888888889
AH Kipdijfilet flakes marokkaans 225 gram,225.0,,0.0,1.0,0.0,0.0,1.0,0.0,0.0,0.0,0.0,0.0,0.0,1.0,0.0,0.0,201856.5,0.011132487932279805,0.009692710850084862,2.99,13.28888888888889
AH Kipfilet a la minute naturel 1 kilogram,1.0,0.395,0.0,1.0,1.0,1.0,1.0,0.0,0.0,0.0,1.0,0.0,0.0,1.0,0.0,0.0,201856.5,0.006055433115244007,0.0069586223324490624,10.106666666666667,10.106666666666667
AH Kipfilethaasjes 1 kilogram,1.0,0.264,0.0,1.0,1.0,1.0,1.0,0.0,0.0,0.0,0.0,0.0,0.0,1.0,1.0,0.0,201856.5,0.008149874793025758,0.011525205585538911,17.636666666666667,17.636666666666667
AH Kokoswater 1000 milliliter,1000.0,,0.0,1.0,1.0,1.0,0.0,1.0,1.0,1.0,0.0,0.0,0.0,1.0,0.0,0.0,201856.5,0.011618546004169157,0.017488814493509863,1.865,1.865
AH Krokante kipfilet schnitzel 2st 250 gram,250.0,,0.0,1.0,0.0,0.0,1.0,0.0,0.0,0.0,1.0,0.0,0.0,0.0,0.0,0.0,201856.5,0.2581802563088821,0.19554963965914063,3.1191666666666666,12.476666666666667
AH Lychees los 1 kilogram,1.0,,0.0,1.0,0.0,0.0,0.0,1.0,1.0,1.0,0.0,0.0,0.0,1.0,0.0,0.0,201856.5,0.012859804096478694,0.010011694835022712,7.33625,7.33625
AH Mandarijnen groot 1.5 kilogram,1.5,,0.0,1.0,1.0,1.0,0.0,1.0,1.0,1.0,0.0,0.0,0.0,1.0,0.0,0.0,201856.5,0.14415702681072973,0.18935490671378005,3.5895833333333336,2.3930555555555557
AH Mandarijnen los 1 kilogram,1.0,,0.0,1.0,0.0,0.0,0.0,1.0,1.0,1.0,0.0,0.0,0.0,1.0,0.0,0.0,201856.5,0.05659005836212607,0.024802475739180502,2.3016666666666667,2.3016666666666667
AH Mango Mania 250ml 250 milliliter,250.0,,0.0,1.0,0.0,0.0,0.0,0.0,0.0,0.0,0.0,0.0,0.0,0.0,0.0,0.0,201856.5,3.354346157671749e-05,2.871698941236894e-05,2.32,9.28
AH Minneola los 1 stuk,1.0,,0.0,1.0,0.0,0.0,0.0,0.0,0.0,0.0,0.0,0.0,0.0,0.0,0.0,0.0,201849.625,1.368308796142639e-06,3.0054502674424787e-07,1.89,1.89
AH Morning Sunrise 500ml 50 milliliter,500.0,,0.0,1.0,0.0,0.0,0.0,0.0,0.0,0.0,0.0,0.0,0.0,0.0,0.0,0.0,201856.5,2.1188730767732118e-05,2.3625854029066896e-05,3.03,6.06
AH Multifruit 330ml 330 milliliter,330.0,,0.0,1.0,0.0,0.0,0.0,0.0,0.0,0.0,0.0,0.0,0.0,0.0,0.0,0.0,201856.5,1.3513644028587827e-05,1.2609563766173021e-05,2.525,7.651515151515152
AH Nederlandse aardbei 250 gram 250 gram,250.0,,0.0,1.0,1.0,1.0,0.0,1.0,1.0,1.0,1.0,0.0,0.0,1.0,0.0,0.0,201856.5,0.14889874101793013,0.13908463105303517,2.63375,10.535
AH Ongebrande hazelnoten 190 gram,190.0,,0.0,1.0,0.0,0.0,0.0,0.0,0.0,0.0,0.0,0.0,0.0,0.0,0.0,0.0,201856.5,0.0008207080405479179,0.0013097354097708297,4.39,23.105263157894736
AH Pluot 500 gram,500.0,,0.0,1.0,0.0,0.0,0.0,0.0,0.0,0.0,0.0,0.0,0.0,0.0,0.0,0.0,201845.3076923077,0.030948559645934903,0.023559710859100195,2.8423076923076924,5.684615384615385
AH Rivierkreeftjes 100 gram,100.0,,0.0,1.0,1.0,0.0,1.0,0.0,0.0,0.0,0.0,0.0,0.0,1.0,0.0,0.0,201856.5,0.03315703812860774,0.03484290475157557,3.3266666666666667,33.266666666666666
AH Rode bessen 150 gram,150.0,,0.0,1.0,1.0,1.0,1.0,1.0,1.0,1.0,1.0,0.0,0.0,1.0,0.0,0.0,201856.5,0.023225404012276,0.020834113095170876,2.8249999999999997,18.833333333333332
AH Sandwich zalmplakken 100 gram,100.0,,0.0,1.0,0.0,0.0,1.0,0.0,0.0,0.0,0.0,0.0,0.0,1.0,1.0,0.0,201856.5,0.06366480907356237,0.0829867716196997,4.56125,45.612500000000004
AH Scharrel gerookte kipfilet 1 kilogram,1.0,0.15,0.0,1.0,1.0,0.0,1.0,0.0,0.0,0.0,1.0,0.0,0.0,1.0,1.0,0.0,201856.5,0.07287178302050198,0.053281221115010435,18.036666666666665,18.036666666666665
AH Seizoenssap 500 milliliter,500.0,,0.0,1.0,1.0,1.0,0.0,1.0,1.0,1.0,0.0,0.0,0.0,1.0,0.0,0.0,201856.5,0.019793848084717063,0.013115135297323834,2.22,4.44
AH Sinas light 6pack 6x1.5 liter,9.0,,0.0,1.0,1.0,1.0,1.0,1.0,0.0,0.0,0.0,0.0,0.0,1.0,0.0,0.0,201856.5,0.0013996827298972687,0.003817283759552891,3.7495833333333333,0.41662037037037036
AH Slagroom 250 gram,250.0,,0.0,1.0,0.0,1.0,0.0,0.0,0.0,1.0,0.0,0.0,0.0,1.0,0.0,0.0,201856.5,0.07741997803729443,0.06198272753333383,0.9612,3.8448
AH Smoothie appel banaan aardbei 500 milliliter,500.0,,0.0,1.0,1.0,1.0,0.0,1.0,1.0,1.0,0.0,0.0,0.0,1.0,0.0,0.0,201856.5,0.05675156624885199,0.042445551285137766,2.4220833333333336,4.844166666666667
AH Smoothie mango passion 250 milliliter,250.0,,0.0,1.0,1.0,1.0,0.0,1.0,1.0,1.0,0.0,0.0,0.0,1.0,0.0,0.0,201856.5,0.0382794585087792,0.03092931077349372,1.0304166666666668,4.121666666666667
AH Surimi flakes 200 gram,200.0,,0.0,1.0,0.0,0.0,1.0,0.0,0.0,0.0,0.0,0.0,0.0,0.0,1.0,0.0,201856.5,0.014973229361523522,0.00949348459977412,1.99,9.95
AH Vers gekookt nl mosselvlees 0.15 kilogram,0.15,,0.0,1.0,1.0,0.0,1.0,0.0,0.0,0.0,0.0,0.0,0.0,1.0,1.0,0.0,201856.5,0.015044488202087892,0.007951333510271977,1.6500000000000001,11.0
AH Verse sap aardbei sinaasappel 500 milliliter,500.0,,0.0,1.0,1.0,1.0,0.0,1.0,1.0,1.0,0.0,0.0,0.0,1.0,0.0,0.0,201856.5,0.05287662909097073,0.03613566531562364,2.22,4.44
AH Verse sap sinaasappel 500 milliliter,500.0,,0.0,1.0,1.0,1.0,0.0,1.0,1.0,1.0,0.0,0.0,0.0,1.0,0.0,0.0,201856.5,0.11140895388670098,0.0728837062366362,2.023333333333333,4.046666666666666
AH Very Berry 500ml 500 milliliter,500.0,,0.0,1.0,0.0,0.0,0.0,0.0,0.0,0.0,0.0,0.0,0.0,0.0,0.0,0.0,201853.90476190476,2.6653214520973007e-05,2.9620363577678775e-05,3.028095238095238,6.056190476190476
AH Volle yoghurt 500 milliliter,500.0,,0.0,1.0,0.0,1.0,0.0,0.0,0.0,1.0,1.0,0.0,0.0,1.0,0.0,0.0,201856.5,0.04274498763012155,0.025624922958132818,0.7333333333333334,1.4666666666666668
AH Wheat grass booster 250ml 250 milliliter,250.0,,0.0,1.0,0.0,0.0,0.0,0.0,0.0,0.0,0.0,0.0,0.0,0.0,0.0,0.0,201856.5,2.9224999310381355e-05,2.4928872488765337e-05,2.32,9.28
AH Zalm staartstuk 1 kilogram,1.0,0.225,0.0,1.0,0.0,1.0,1.0,0.0,0.0,0.0,0.0,0.0,0.0,0.0,1.0,0.0,201856.5,0.029462887376687123,0.04564515154945147,23.837500000000002,23.837500000000002
AH Zalmfilet. 1 kilogram,1.0,0.17,0.0,1.0,0.0,1.0,1.0,0.0,0.0,0.0,0.0,0.0,0.0,0.0,1.0,0.0,201856.5,0.18930359172339736,0.24489687937693352,27.780416666666667,27.780416666666667
AH Zelfgeperst sinaasappelsap 1000 milliliter,1000.0,,0.0,1.0,0.0,0.0,0.0,1.0,1.0,1.0,0.0,0.0,0.0,1.0,0.0,0.0,201856.5,0.1387336519738217,0.1644246542833468,3.2391666666666663,3.2391666666666663
AH kippenbout ca 1500gr 1 kilogram,1.0,1.55,0.0,1.0,0.0,1.0,1.0,0.0,0.0,0.0,1.0,0.0,0.0,1.0,0.0,0.0,201856.5,0.026700796523246723,0.03708219211550291,3.1679166666666667,3.1679166666666667
AH sap avocado komkommer 250 milliliter,250.0,,0.0,1.0,0.0,1.0,0.0,1.0,1.0,1.0,0.0,0.0,0.0,1.0,0.0,0.0,201856.5,0.025296849993207113,0.015247375308024962,1.7683333333333333,7.073333333333333
Ah basic orange 4fl 4x2 liter,8.0,,0.0,1.0,1.0,1.0,0.0,1.0,1.0,1.0,0.0,0.0,0.0,1.0,0.0,0.0,201856.5,0.0009561650012579947,0.0025559535720141914,3.6841666666666666,0.4605208333333333
Ah blini's 135 gram,135.0,,0.0,1.0,0.0,0.0,0.0,0.0,0.0,1.0,0.0,0.0,0.0,0.0,0.0,0.0,201856.5,0.008430565736248256,0.004064162417319034,1.5841666666666667,11.734567901234568
Ah ontbijt smoothie haver yoghurt aardbe 250 milliliter,250.0,,0.0,1.0,1.0,1.0,0.0,0.0,0.0,1.0,0.0,0.0,0.0,1.0,0.0,0.0,201856.5,0.007623884609075031,0.004536662891657441,1.7683333333333333,7.073333333333333
Ah pangasiusreepje pep&zt 250 gram,250.0,,0.0,1.0,0.0,0.0,1.0,0.0,0.0,0.0,0.0,0.0,0.0,0.0,0.0,0.0,201856.5,0.02203718392541298,0.019573474292705794,3.328333333333333,13.313333333333333
Ah smoot mango ban 500 milliliter,500.0,,0.0,1.0,1.0,1.0,0.0,1.0,1.0,1.0,0.0,0.0,0.0,1.0,0.0,0.0,201856.5,0.05445922717581505,0.040449148738378515,2.4220833333333336,4.844166666666667
Ah toastzalm 130 gram,130.0,,0.0,1.0,0.0,0.0,0.0,0.0,0.0,0.0,0.0,0.0,0.0,1.0,1.0,0.0,201856.5,0.025782110799289253,0.03895587929130987,5.0424999999999995,38.78846153846154
Almhof Milde roomyoghurt spaanse sinaasappel 500 gram,500.0,,0.0,0.0,0.0,0.0,0.0,0.0,0.0,0.0,0.0,0.0,0.0,0.0,0.0,0.0,201851.5,0.045556798710759176,0.04720737807223599,1.4227272727272728,2.8454545454545457
Almhof Roomyoghurt walnoot-griekse honing 150 gram,150.0,,0.0,0.0,0.0,1.0,0.0,0.0,0.0,1.0,0.0,0.0,0.0,1.0,0.0,0.0,201856.5,0.01247671655498065,0.006763455912074598,0.7312500000000001,4.875
Alpro soya dr macchiato 1 liter,1.0,,0.0,0.0,0.0,1.0,0.0,1.0,1.0,1.0,0.0,0.0,0.0,1.0,0.0,0.0,201856.5,0.0045487890667860265,0.00718723039450932,1.9654166666666664,1.9654166666666664
Alpro soya drink banana 1 liter,1.0,,0.0,0.0,0.0,1.0,0.0,1.0,1.0,1.0,0.0,0.0,0.0,1.0,1.0,0.0,201856.5,0.00841733565619357,0.01168230203383975,1.7141666666666666,1.7141666666666666
Appelsientje AS multivitamientje exotisch fruit 1 liter,1.0,,0.0,0.0,1.0,1.0,0.0,1.0,0.0,1.0,0.0,0.0,0.0,1.0,0.0,0.0,201856.5,0.00985714895556371,0.00785618769105585,1.4016666666666666,1.4016666666666666
Appelsientje Sinaasappel 1 liter,1.0,,0.0,0.0,1.0,1.0,0.0,1.0,1.0,1.0,0.0,0.0,0.0,1.0,0.0,0.0,201856.5,0.0889832847113798,0.0744046170234088,1.5925,1.5925
Baltussen Rolmops 450 gram,450.0,,0.0,0.0,0.0,0.0,1.0,0.0,0.0,0.0,0.0,0.0,0.0,1.0,0.0,0.0,201856.5,2.7299159185968017e-05,2.458014197334383e-05,2.8716666666666666,6.381481481481482
Baltussen Rolmops in saus 450 gram,450.0,,0.0,0.0,0.0,0.0,0.0,0.0,0.0,0.0,0.0,0.0,0.0,1.0,0.0,0.0,201856.5,0.0007609207350132301,0.0007586202647038086,3.125,6.944444444444444
BioToday Flatbread sticks garlic - bio 130 gram,130.0,,1.0,0.0,0.0,0.0,1.0,1.0,0.0,1.0,0.0,1.0,1.0,0.0,1.0,0.0,201856.5,0.00020525849240432268,0.0001174148860627867,2.015,15.5
Campina Biologische karnemelk 500ml 500 milliliter,500.0,,1.0,0.0,1.0,1.0,0.0,0.0,0.0,1.0,0.0,0.0,0.0,1.0,0.0,0.0,201856.5,0.01057296099657222,0.007158057849157469,0.8645833333333334,1.7291666666666667
Campina Camp chocolade vla 1 liter,1.0,,0.0,0.0,0.0,1.0,0.0,0.0,0.0,0.0,0.0,0.0,0.0,1.0,1.0,0.0,201856.5,0.01829214810965988,0.019956631661475224,1.5179166666666666,1.5179166666666666
Campina Dubbelvla aardbei/vanille 1 liter,1.0,,0.0,0.0,0.0,1.0,0.0,0.0,0.0,0.0,0.0,0.0,0.0,1.0,0.0,0.0,201856.5,0.007458678226728195,0.007572406800560177,1.3883333333333334,1.3883333333333334
Capri-Sun Orange drink pouch 10x0.2 liter,2.0,,0.0,0.0,1.0,1.0,0.0,1.0,1.0,1.0,0.0,0.0,0.0,1.0,0.0,0.0,201856.5,0.01969156730753467,0.03978000630489007,3.295,1.6475
Coca cola zero 12bl 12x0.15 liter,1.8,,0.0,0.0,1.0,1.0,1.0,1.0,1.0,1.0,0.0,0.0,0.0,1.0,0.0,0.0,201856.5,0.017201085628113205,0.06583850297741826,5.726666666666667,3.1814814814814816
Coca-Cola Original 1 liter,1.0,,0.0,0.0,1.0,1.0,0.0,1.0,1.0,1.0,0.0,0.0,0.0,1.0,0.0,0.0,201856.5,0.22463727957917853,0.231537526046975,1.6925,1.6925
Coca-Cola Original fles 0.375 liter,0.38000000000000006,,0.0,0.0,1.0,1.0,0.0,1.0,1.0,1.0,0.0,0.0,0.0,1.0,0.0,0.0,201856.5,0.05418735948722846,0.041137885262993515,1.0483333333333333,2.7587719298245617
"Coca-cola fl uit 4pk 1,25LT",1.25,,0.0,0.0,0.0,0.0,0.0,0.0,0.0,0.0,0.0,0.0,0.0,0.0,0.0,0.0,201846.7,1.2249674246121525e-06,1.4379155018455301e-06,1.69,1.3519999999999999
Coca-cola vanilla bl 0.33 liter,0.33,,0.0,0.0,1.0,1.0,0.0,1.0,1.0,1.0,0.0,0.0,0.0,1.0,0.0,0.0,201856.5,0.05110866993290606,0.02290521545317162,0.6466666666666666,1.9595959595959596
CoolBest CB  Mango Dream 1L PK DS12 v1 1 liter,1.0,,0.0,0.0,1.0,1.0,0.0,1.0,1.0,1.0,0.0,0.0,0.0,1.0,0.0,0.0,201856.5,0.08150755617522105,0.1015122177583198,1.9562499999999998,1.9562499999999998
Danone Danio stracciatella romige kwark 450 gram,450.0,,0.0,0.0,0.0,1.0,0.0,0.0,0.0,0.0,0.0,0.0,0.0,0.0,0.0,0.0,201856.5,0.08365462414263596,0.10294499781943432,1.8433333333333335,4.0962962962962965
De Zaanse Hoeve Yoghurt aardbei 1000 gram,1000.0,,0.0,1.0,0.0,1.0,0.0,0.0,0.0,1.0,0.0,0.0,0.0,1.0,0.0,0.0,201856.5,0.01604336146411076,0.019167457702693364,1.4383333333333332,1.4383333333333332
Den Eelder Echte halfvolle boerenmelk 1LT,1.0,,0.0,0.0,0.0,0.0,0.0,0.0,0.0,0.0,0.0,0.0,0.0,0.0,0.0,0.0,201856.5,0.0001680773320496648,0.00015261006155287612,1.12,1.12
Douwe Egberts Ice coffee mocha latte 0.25 liter,0.25,,0.0,0.0,1.0,1.0,0.0,0.0,0.0,1.0,0.0,0.0,0.0,1.0,0.0,0.0,201856.5,0.0056306782234545666,0.005220439456060833,1.1820833333333334,4.7283333333333335
Dr. Oetker Wolkent. Karamel 125 gram,125.0,,0.0,0.0,0.0,1.0,0.0,0.0,0.0,0.0,0.0,0.0,0.0,1.0,0.0,0.0,201864.14285714287,0.04142152727811493,0.017299719671023624,0.5661904761904762,4.52952380952381
Dream Oat dream haver gv bio 1000 milliliter,1000.0,,1.0,0.0,0.0,0.0,0.0,1.0,1.0,1.0,0.0,0.0,1.0,0.0,0.0,0.0,201856.5,0.005445306084393112,0.008569889168978058,2.22,2.22
Dubbeldrank Sinaasapl Perzik 1 liter,1.0,,0.0,0.0,1.0,1.0,0.0,1.0,1.0,1.0,0.0,0.0,0.0,1.0,0.0,0.0,201856.5,0.07812209463428386,0.06167334061953884,1.4008333333333332,1.4008333333333332
Fanta orange bl 0.33 liter,0.33,,0.0,0.0,0.0,0.0,0.0,0.0,0.0,0.0,0.0,0.0,0.0,0.0,0.0,0.0,201856.5,0.05727217688066735,0.025749184630883885,0.6491666666666667,1.9671717171717171
Garden Gourmet Caprese carremet cherry tom en mozzarell 160 gram,160.0,,0.0,0.0,0.0,0.0,1.0,0.0,0.0,1.0,0.0,0.0,0.0,0.0,0.0,0.0,201856.5,0.01037906137544214,0.008308594757141767,2.8800000000000003,18.000000000000004
Garden Gourmet Oosterse wokblokjes 175 gram,175.0,,0.0,0.0,0.0,0.0,1.0,0.0,0.0,1.0,0.0,0.0,0.0,0.0,1.0,0.0,201856.5,0.020336063817331117,0.016931080921249977,2.7383333333333333,15.647619047619047
Garden Gourmet Vegetarische schnitzel 180 gram,180.0,,0.0,0.0,0.0,0.0,1.0,0.0,0.0,1.0,0.0,0.0,0.0,0.0,1.0,0.0,201856.5,0.022048520292514664,0.016605816833082102,2.4625,13.680555555555557
Guarana Guarana can 0.33 liter,0.33,,0.0,0.0,1.0,1.0,0.0,1.0,1.0,1.0,0.0,0.0,0.0,1.0,0.0,0.0,201856.5,0.0067490158513548405,0.004951558159593379,1.0050000000000001,3.0454545454545454
Icelandic Glacial 500 milliliter,500.0,,0.0,0.0,0.0,0.0,0.0,0.0,0.0,0.0,0.0,0.0,0.0,0.0,0.0,0.0,201856.5,0.008170550137037458,0.006068020045998858,1.0050000000000001,2.0100000000000002
Karvan Cevitam 0% Citrus mix 750 milliliter,750.0,,0.0,0.0,0.0,0.0,0.0,0.0,0.0,0.0,0.0,0.0,0.0,0.0,0.0,0.0,201856.5,0.00456924468788024,0.008604024935744406,2.9933333333333336,3.9911111111111115
Melkunie fruitvla rum/rozijnen 1Lpak 1 liter,1.0,,0.0,0.0,0.0,0.0,0.0,0.0,0.0,0.0,0.0,0.0,0.0,1.0,0.0,0.0,201856.5,0.022545993493660214,0.03132837400148907,1.86625,1.86625
MinusL Griekse stijl yoghurt 400 gram,400.0,,0.0,0.0,0.0,0.0,0.0,0.0,0.0,0.0,0.0,0.0,0.0,0.0,0.0,0.0,201856.5,1.978885565751352e-05,2.596237463037587e-05,1.59,3.975
O2 Life lemon-grapefruit pet 0.75 liter,0.75,,0.0,0.0,0.0,0.0,0.0,0.0,0.0,0.0,0.0,0.0,0.0,0.0,0.0,0.0,201856.5,6.715584423795311e-05,6.164656564283507e-05,1.29,1.72
O2 Life orange-citrus 0.75 liter,0.75,,0.0,0.0,0.0,0.0,0.0,0.0,0.0,0.0,0.0,0.0,0.0,0.0,0.0,0.0,201856.5,4.782376406808704e-05,4.3547150971679373e-05,1.29,1.72
Optimel Variaties drink kokos 0 % 1000 milliliter,1000.0,,0.0,0.0,0.0,0.0,0.0,0.0,0.0,0.0,0.0,0.0,0.0,0.0,0.0,0.0,201854.26086956522,0.009623622434310402,0.009126793026960596,1.3908695652173915,1.3908695652173915
Quorn Sate stukjes 300 gram,300.0,,0.0,0.0,0.0,0.0,0.0,0.0,0.0,1.0,0.0,0.0,0.0,1.0,1.0,0.0,201856.5,0.01521196213714506,0.013534561008770025,3.0749999999999997,10.25
Qwensh Drinkfles 1 stuk,1.0,,0.0,0.0,0.0,0.0,0.0,0.0,0.0,0.0,0.0,0.0,0.0,0.0,0.0,0.0,201851.54545454544,0.00034375483992497407,0.0017434465764542585,9.99,9.99
Red Bull Energy 250 milliliter,250.0,,0.0,0.0,1.0,1.0,0.0,1.0,0.0,0.0,0.0,0.0,0.0,1.0,0.0,0.0,201856.5,0.2206600625025348,0.24686111825306825,1.5599999999999998,6.239999999999999
Redbull winter edit 250 milliliter,250.0,,0.0,0.0,0.0,0.0,0.0,0.0,0.0,0.0,0.0,0.0,0.0,0.0,0.0,0.0,201856.5,0.003862870206295666,0.003489232494274764,1.4266666666666667,5.706666666666667
Roosvicee Multivit Bosvruchten 6pk 1.2 liter,1.2,,0.0,0.0,1.0,1.0,0.0,1.0,1.0,1.0,0.0,0.0,0.0,1.0,0.0,0.0,201856.5,0.009423702912601497,0.01245736017609661,1.9841666666666666,1.6534722222222225
Royal club tonic classic 1 liter,1.0,,0.0,0.0,1.0,1.0,0.0,1.0,1.0,1.0,0.0,0.0,0.0,1.0,0.0,0.0,201856.5,0.09057189917798092,0.08987344184286851,1.53875,1.53875
Smaakt Granola granen-noten 350g - bio 350 gram,350.0,,1.0,0.0,0.0,1.0,0.0,1.0,0.0,1.0,0.0,1.0,0.0,0.0,1.0,0.0,201856.5,0.00014847530670409064,0.00013186613010872435,2.93,8.371428571428572
Sourcy Vitaminwater limoen 0.5 liter,0.5,,0.0,0.0,1.0,1.0,1.0,1.0,0.0,0.0,0.0,0.0,0.0,1.0,0.0,0.0,201856.5,0.0043518472635537325,0.0039761473117075835,1.3845833333333335,2.769166666666667
Spa Duo lime ginger 1 liter,1.0,,0.0,0.0,1.0,1.0,0.0,1.0,1.0,1.0,0.0,0.0,0.0,1.0,0.0,0.0,201856.5,0.00931658271574676,0.008809836270198624,1.5883333333333332,1.5883333333333332
Spa Touch blackcurrant 0.5 liter,0.5,,0.0,0.0,1.0,1.0,1.0,1.0,1.0,1.0,0.0,0.0,0.0,1.0,0.0,0.0,201856.5,0.007037677387793521,0.0038113300559997256,0.7124999999999999,1.4249999999999998
Starbucks double sh 200 milliliter,200.0,,0.0,0.0,0.0,1.0,0.0,0.0,0.0,1.0,0.0,0.0,0.0,1.0,0.0,0.0,201856.5,0.006895506864866023,0.008746542183329735,1.6245833333333335,8.122916666666667
The Gutsy Captain California raspberry 400 milliliter,400.0,,1.0,0.0,0.0,0.0,0.0,0.0,0.0,0.0,0.0,0.0,0.0,0.0,0.0,0.0,201859.09523809524,0.0005563597937106842,0.0007752255526989948,2.0085714285714285,5.021428571428571
Valess Rookworst 160 gram,160.0,,0.0,0.0,0.0,0.0,1.0,0.0,0.0,1.0,0.0,0.0,0.0,0.0,0.0,0.0,201858.94736842104,0.008360912327160118,0.007284206602331108,2.940526315789474,18.378289473684212
Vivera Krokante schnitzel 200 gram,200.0,,0.0,0.0,0.0,0.0,1.0,0.0,0.0,1.0,0.0,0.0,0.0,0.0,1.0,0.0,201856.5,0.0159009106111383,0.011925344142808526,2.4791666666666665,12.395833333333334
Zespri kiwi gold vvp 1kg 1000 gram,1000.0,,0.0,0.0,0.0,0.0,0.0,0.0,0.0,0.0,0.0,0.0,0.0,0.0,0.0,0.0,201860.0,1.1308132376513335e-05,2.0416540296691453e-05,1.12,1.12
Zuivelhoeve Boer'n yoghurt naturel 800 gram,800.0,,0.0,0.0,0.0,1.0,1.0,0.0,0.0,1.0,0.0,0.0,0.0,1.0,0.0,0.0,201856.5,0.012274070520432409,0.01875504995475971,1.9791666666666667,2.4739583333333335
